{
  "ctfidf_model": {
    "bm25_weighting": false,
    "reduce_frequent_words": false
  },
  "vectorizer_model": {
    "params": {
      "analyzer": "word",
      "binary": false,
      "decode_error": "strict",
      "encoding": "utf-8",
      "input": "content",
      "lowercase": true,
      "max_df": 1.0,
      "max_features": null,
      "min_df": 1,
      "ngram_range": [
        1,
        1
      ],
      "stop_words": null,
      "strip_accents": null,
      "token_pattern": "(?u)\\b\\w\\w+\\b",
      "vocabulary": null
    },
    "vocab": {
      "two": 1737,
      "polaroid": 1245,
      "photographs": 1210,
      "the": 1676,
      "one": 1152,
      "right": 1383,
      "is": 893,
      "black": 196,
      "with": 1854,
      "blotch": 203,
      "of": 1139,
      "red": 1341,
      "in": 848,
      "middle": 1067,
      "left": 973,
      "putin": 1310,
      "and": 73,
      "biden": 188,
      "hugging": 820,
      "kamala": 934,
      "harris": 767,
      "speaking": 1550,
      "at": 116,
      "rally": 1325,
      "her": 788,
      "speech": 1554,
      "extremely": 588,
      "repetitive": 1354,
      "doesnt": 486,
      "make": 1021,
      "lot": 1010,
      "sense": 1453,
      "video": 1781,
      "shows": 1489,
      "clips": 323,
      "from": 675,
      "movie": 1093,
      "stir": 1588,
      "crazy": 390,
      "where": 1840,
      "trumps": 1728,
      "face": 591,
      "has": 772,
      "been": 172,
      "edited": 532,
      "onto": 1156,
      "gene": 696,
      "wilder": 1849,
      "to": 1709,
      "it": 900,
      "look": 1005,
      "like": 985,
      "trump": 1727,
      "prison": 1290,
      "donald": 494,
      "giving": 709,
      "an": 70,
      "address": 28,
      "saying": 1424,
      "that": 1675,
      "will": 1850,
      "help": 786,
      "him": 798,
      "become": 170,
      "king": 948,
      "america": 64,
      "characters": 289,
      "baby": 137,
      "shark": 1469,
      "interview": 881,
      "fox": 667,
      "news": 1121,
      "spewing": 1557,
      "conspiracy": 367,
      "theories": 1682,
      "about": 14,
      "christianity": 306,
      "islam": 894,
      "deepfake": 435,
      "footage": 651,
      "joe": 919,
      "nancy": 1108,
      "pelosi": 1194,
      "aoc": 87,
      "determining": 457,
      "how": 815,
      "they": 1686,
      "want": 1809,
      "handle": 758,
      "aftermath": 41,
      "january": 906,
      "6th": 8,
      "insurrection": 875,
      "president": 1280,
      "he": 778,
      "selective": 1448,
      "service": 1456,
      "act": 20,
      "be": 165,
      "invoked": 888,
      "open": 1157,
      "up": 1756,
      "draft": 505,
      "for": 652,
      "men": 1060,
      "women": 1857,
      "announces": 80,
      "his": 801,
      "resignation": 1367,
      "tupac": 1733,
      "shakur": 1462,
      "replacement": 1357,
      "rose": 1401,
      "dead": 426,
      "new": 1119,
      "calling": 244,
      "action": 21,
      "us": 1760,
      "citizens": 314,
      "support": 1621,
      "current": 414,
      "tiktok": 1701,
      "trends": 1725,
      "words": 1861,
      "sounds": 1543,
      "slurred": 1517,
      "she": 1470,
      "might": 1069,
      "intoxicated": 885,
      "recording": 1339,
      "televised": 1667,
      "announcement": 79,
      "by": 240,
      "vladimir": 1788,
      "announcing": 81,
      "mass": 1041,
      "mobilization": 1079,
      "martial": 1037,
      "law": 967,
      "border": 211,
      "regions": 1348,
      "senator": 1451,
      "blumenthal": 206,
      "listening": 995,
      "audio": 128,
      "himself": 799,
      "during": 523,
      "senate": 1450,
      "hearing": 783,
      "after": 40,
      "plays": 1236,
      "shares": 1467,
      "this": 1690,
      "was": 1819,
      "aigenerated": 48,
      "message": 1063,
      "trained": 1720,
      "on": 1151,
      "floor": 644,
      "speeches": 1555,
      "image": 832,
      "kneeling": 952,
      "praying": 1275,
      "being": 177,
      "arrested": 104,
      "police": 1246,
      "replicating": 1358,
      "court": 385,
      "drawing": 508,
      "shown": 1488,
      "sitting": 1504,
      "room": 1400,
      "sketch": 1507,
      "michael": 1065,
      "cohen": 334,
      "there": 1683,
      "seems": 1445,
      "courtroom": 387,
      "artwork": 108,
      "style": 1604,
      "another": 82,
      "photograph": 1209,
      "quality": 1311,
      "fictional": 617,
      "woman": 1856,
      "melania": 1055,
      "can": 250,
      "found": 665,
      "laughing": 966,
      "happy": 765,
      "glass": 712,
      "or": 1163,
      "either": 535,
      "champagne": 284,
      "wine": 1852,
      "hand": 754,
      "resterauntlike": 1374,
      "setting": 1458,
      "clip": 322,
      "anchor": 72,
      "analyst": 71,
      "are": 93,
      "breaking": 219,
      "down": 503,
      "tell": 1668,
      "if": 828,
      "manipulated": 1027,
      "slip": 1515,
      "hilary": 795,
      "clinton": 321,
      "indorsing": 862,
      "desantis": 449,
      "then": 1681,
      "explain": 580,
      "what": 1836,
      "characteristics": 288,
      "point": 1242,
      "having": 776,
      "dancing": 421,
      "13": 1,
      "year": 1874,
      "old": 1145,
      "girl": 706,
      "epsteins": 563,
      "private": 1293,
      "island": 895,
      "commentator": 345,
      "discussing": 474,
      "tape": 1658,
      "epstein": 562,
      "talking": 1653,
      "images": 833,
      "diner": 465,
      "go": 715,
      "back": 138,
      "forth": 661,
      "them": 1678,
      "over": 1177,
      "pictures": 1215,
      "both": 212,
      "gross": 738,
      "comments": 346,
      "towards": 1717,
      "waitress": 1802,
      "flirting": 641,
      "falls": 597,
      "asleep": 111,
      "use": 1761,
      "deepfakes": 436,
      "deceive": 431,
      "people": 1196,
      "says": 1425,
      "corrupt": 377,
      "we": 1825,
      "should": 1481,
      "bring": 224,
      "elizabeth": 540,
      "warren": 1814,
      "restrictions": 1375,
      "letting": 976,
      "republicans": 1362,
      "voting": 1795,
      "2024": 4,
      "election": 538,
      "combination": 340,
      "videos": 1782,
      "russia": 1413,
      "occupied": 1137,
      "kyiv": 956,
      "decade": 430,
      "attempting": 122,
      "seem": 1443,
      "confused": 364,
      "issue": 898,
      "barack": 151,
      "obama": 1135,
      "chair": 283,
      "explaining": 581,
      "quantum": 1312,
      "mechanics": 1051,
      "kids": 943,
      "understand": 1746,
      "addressing": 29,
      "congress": 365,
      "created": 392,
      "jack": 904,
      "posobiec": 1258,
      "also": 62,
      "discusses": 473,
      "importance": 845,
      "ukraine": 1741,
      "because": 169,
      "poc": 1239,
      "lgbtq": 978,
      "communities": 352,
      "most": 1087,
      "vulnerable": 1798,
      "conflict": 362,
      "invoking": 889,
      "response": 1372,
      "war": 1812,
      "impending": 842,
      "china": 301,
      "taiwan": 1646,
      "jerome": 912,
      "powell": 1271,
      "confesses": 360,
      "much": 1096,
      "loves": 1012,
      "money": 1081,
      "printer": 1288,
      "going": 718,
      "invoke": 887,
      "out": 1171,
      "depicted": 445,
      "as": 109,
      "darth": 425,
      "vadar": 1769,
      "star": 1571,
      "wars": 1817,
      "hillary": 797,
      "group": 740,
      "80s": 10,
      "anthony": 84,
      "fauci": 608,
      "voldemort": 1791,
      "harry": 770,
      "potter": 1268,
      "wearing": 1828,
      "armored": 99,
      "suit": 1610,
      "leading": 971,
      "large": 963,
      "fighters": 621,
      "same": 1418,
      "armor": 98,
      "appears": 90,
      "dystopic": 525,
      "army": 101,
      "dystopian": 524,
      "herd": 789,
      "donkeys": 497,
      "flames": 639,
      "background": 140,
      "suggesting": 1608,
      "violence": 1786,
      "destruction": 454,
      "posh": 1256,
      "office": 1141,
      "york": 1876,
      "skyline": 1510,
      "behind": 176,
      "dressed": 510,
      "more": 1084,
      "provocatively": 1303,
      "than": 1674,
      "currently": 415,
      "dresses": 511,
      "member": 1056,
      "called": 243,
      "sells": 1449,
      "phelan": 1203,
      "intimate": 882,
      "hug": 819,
      "former": 660,
      "house": 814,
      "speaker": 1549,
      "longdeceased": 1002,
      "dad": 419,
      "excoriating": 578,
      "son": 1538,
      "vicious": 1780,
      "attack": 119,
      "ad": 25,
      "features": 611,
      "vulgar": 1797,
      "chaotic": 286,
      "rant": 1328,
      "attacking": 120,
      "multiple": 1098,
      "figures": 623,
      "including": 855,
      "online": 1154,
      "chat": 292,
      "users": 1764,
      "filled": 624,
      "insults": 874,
      "crude": 405,
      "humor": 821,
      "absurd": 17,
      "commentary": 344,
      "falsely": 598,
      "claims": 318,
      "show": 1485,
      "jeffrey": 910,
      "13yearold": 2,
      "questioning": 1315,
      "character": 287,
      "desantiss": 450,
      "campaign": 247,
      "showed": 1486,
      "embracing": 544,
      "dr": 504,
      "howard": 816,
      "university": 1754,
      "sounding": 1541,
      "seemingly": 1444,
      "inebriated": 863,
      "rambling": 1326,
      "barred": 153,
      "presidential": 1282,
      "presenting": 1279,
      "no": 1127,
      "first": 633,
      "portion": 1254,
      "pistachios": 1225,
      "followed": 648,
      "real": 1335,
      "end": 554,
      "talks": 1654,
      "ai": 47,
      "awareness": 135,
      "spending": 1556,
      "time": 1705,
      "together": 1711,
      "friends": 674,
      "drinking": 514,
      "beach": 166,
      "sporting": 1559,
      "events": 571,
      "smiling": 1523,
      "whole": 1847,
      "lincoln": 986,
      "project": 1295,
      "made": 1019,
      "broken": 225,
      "cant": 254,
      "do": 482,
      "anything": 86,
      "but": 239,
      "lose": 1008,
      "included": 853,
      "crying": 407,
      "into": 884,
      "tissue": 1707,
      "someone": 1536,
      "who": 1846,
      "looks": 1007,
      "standing": 1569,
      "audience": 127,
      "communist": 349,
      "flags": 638,
      "symbols": 1642,
      "well": 1832,
      "chicago": 297,
      "sign": 1493,
      "nod": 1128,
      "toward": 1716,
      "dnc": 481,
      "took": 1713,
      "place": 1227,
      "vice": 1779,
      "bowing": 215,
      "front": 676,
      "white": 1845,
      "israeli": 897,
      "flag": 637,
      "vp": 1796,
      "candidate": 251,
      "holding": 804,
      "whaat": 1835,
      "hot": 812,
      "dogs": 489,
      "flying": 646,
      "donal": 493,
      "picture": 1214,
      "soviet": 1545,
      "union": 1751,
      "hollywood": 806,
      "replace": 1355,
      "kamunism": 937,
      "living": 999,
      "streets": 1600,
      "tents": 1670,
      "replaced": 1356,
      "street": 1599,
      "full": 679,
      "homeless": 807,
      "couple": 383,
      "child": 300,
      "kissing": 950,
      "tree": 1723,
      "wrapped": 1868,
      "shaking": 1461,
      "joseph": 924,
      "stalins": 1566,
      "arms": 100,
      "raised": 1322,
      "surrounded": 1628,
      "posters": 1264,
      "poster": 1263,
      "reads": 1333,
      "you": 1877,
      "own": 1179,
      "nothing": 1131,
      "have": 775,
      "joy": 925,
      "vote": 1792,
      "body": 209,
      "along": 60,
      "mustache": 1104,
      "photoshopped": 1211,
      "elon": 541,
      "musk": 1101,
      "american": 65,
      "elvis": 542,
      "presley": 1284,
      "singing": 1502,
      "matrix": 1044,
      "scene": 1429,
      "neo": 1117,
      "mr": 1095,
      "smith": 1524,
      "hat": 773,
      "insane": 867,
      "again": 42,
      "gold": 719,
      "coin": 335,
      "bitcoin": 195,
      "logo": 1000,
      "sharers": 1466,
      "playing": 1235,
      "chess": 295,
      "photo": 1208,
      "resembles": 1364,
      "bricks": 221,
      "screenshot": 1436,
      "retweeting": 1377,
      "raising": 1323,
      "tweet": 1735,
      "picturing": 1216,
      "crowd": 401,
      "harriswalz": 769,
      "airport": 51,
      "hangar": 761,
      "detroit": 458,
      "pregnant": 1277,
      "belly": 181,
      "while": 1843,
      "looking": 1006,
      "filling": 625,
      "entirety": 561,
      "airplane": 50,
      "fans": 600,
      "their": 1677,
      "phones": 1207,
      "recordingtaking": 1340,
      "event": 570,
      "piece": 1217,
      "swimsuit": 1639,
      "onepiece": 1153,
      "bathing": 158,
      "authoritarian": 131,
      "dictator": 460,
      "soldiers": 1531,
      "bus": 236,
      "rainbow": 1319,
      "tank": 1657,
      "top": 1715,
      "getting": 702,
      "officer": 1142,
      "pride": 1287,
      "walz": 1806,
      "molypix": 1080,
      "build": 229,
      "board": 207,
      "communists": 350,
      "riding": 1381,
      "dinosaur": 466,
      "four": 666,
      "wheeler": 1838,
      "cartoon": 270,
      "word": 1860,
      "kammunism": 936,
      "written": 1870,
      "below": 182,
      "cannabis": 253,
      "plant": 1232,
      "taking": 1650,
      "our": 1170,
      "country": 382,
      "horse": 809,
      "revolutionary": 1378,
      "outfit": 1172,
      "walking": 1803,
      "burning": 235,
      "capitol": 259,
      "building": 230,
      "cell": 281,
      "reading": 1332,
      "newspaper": 1122,
      "elected": 537,
      "headline": 780,
      "jail": 905,
      "cartoons": 271,
      "shirtless": 1476,
      "heavier": 784,
      "today": 1710,
      "olympics": 1148,
      "some": 1535,
      "type": 1738,
      "track": 1718,
      "competition": 355,
      "crossed": 400,
      "plethora": 1237,
      "marijuana": 1033,
      "growing": 741,
      "sparrow": 1548,
      "sidehugging": 1492,
      "pirate": 1224,
      "ship": 1474,
      "book": 210,
      "titled": 1708,
      "politics": 1249,
      "dummies": 521,
      "only": 1155,
      "great": 730,
      "alongside": 61,
      "lion": 989,
      "long": 1001,
      "text": 1673,
      "stating": 1580,
      "printing": 1289,
      "vance": 1770,
      "displayed": 477,
      "buggy": 228,
      "soldier": 1530,
      "uniform": 1749,
      "across": 19,
      "bottom": 214,
      "horns": 808,
      "70sinspired": 9,
      "running": 1411,
      "jfk": 915,
      "jogging": 920,
      "chasing": 291,
      "press": 1285,
      "meeting": 1054,
      "uniforms": 1750,
      "gathered": 692,
      "hill": 796,
      "around": 102,
      "resemble": 1363,
      "activating": 22,
      "ron": 1397,
      "taylor": 1661,
      "swift": 1636,
      "song": 1539,
      "bejeweled": 178,
      "party": 1189,
      "partying": 1190,
      "young": 1878,
      "cheering": 293,
      "high": 793,
      "school": 1431,
      "drinks": 515,
      "eating": 530,
      "food": 649,
      "crowded": 402,
      "bar": 150,
      "begin": 175,
      "stare": 1572,
      "off": 1140,
      "space": 1546,
      "older": 1146,
      "version": 1773,
      "staring": 1573,
      "arresting": 105,
      "members": 1057,
      "taliban": 1651,
      "arabic": 92,
      "afghans": 37,
      "afghanistan": 36,
      "24": 5,
      "tim": 1704,
      "making": 1024,
      "jd": 908,
      "cut": 417,
      "grass": 727,
      "scissors": 1432,
      "all": 57,
      "wear": 1827,
      "before": 174,
      "debate": 428,
      "chickens": 299,
      "chicken": 298,
      "suitcostume": 1611,
      "huaweis": 818,
      "technological": 1664,
      "advancements": 32,
      "operation": 1158,
      "steal": 1583,
      "philadelphia": 1204,
      "russian": 1414,
      "leader": 969,
      "toilet": 1712,
      "yelling": 1875,
      "margarita": 1032,
      "facing": 593,
      "many": 1029,
      "cup": 411,
      "coffee": 333,
      "rabbis": 1316,
      "moscow": 1086,
      "surrounding": 1629,
      "depicts": 447,
      "small": 1519,
      "wooden": 1859,
      "boat": 208,
      "appearing": 89,
      "scream": 1433,
      "distress": 479,
      "approaches": 91,
      "powered": 1273,
      "giant": 704,
      "duracell": 522,
      "batteries": 162,
      "exaggerated": 576,
      "branding": 218,
      "physical": 1212,
      "which": 1842,
      "cnsr": 329,
      "alien": 54,
      "planet": 1231,
      "ruling": 1408,
      "smaller": 1520,
      "aliens": 55,
      "theres": 1684,
      "rocketship": 1393,
      "blasting": 200,
      "its": 901,
      "minion": 1076,
      "strong": 1603,
      "next": 1123,
      "mad": 1018,
      "stadium": 1561,
      "music": 1100,
      "russias": 1415,
      "national": 1110,
      "anthem": 83,
      "martin": 1038,
      "luther": 1014,
      "jr": 927,
      "puppet": 1306,
      "george": 699,
      "washington": 1820,
      "underneath": 1745,
      "states": 1579,
      "so": 1529,
      "post": 1261,
      "solider": 1533,
      "very": 1774,
      "intense": 877,
      "hawaiian": 777,
      "shirt": 1475,
      "cigar": 309,
      "02": 0,
      "helping": 787,
      "minions": 1077,
      "muslim": 1103,
      "serious": 1455,
      "pointing": 1244,
      "something": 1537,
      "forward": 662,
      "distance": 478,
      "superherolike": 1617,
      "tea": 1662,
      "attire": 126,
      "lightning": 982,
      "won": 1858,
      "olympic": 1147,
      "medal": 1052,
      "pilot": 1221,
      "drag": 506,
      "queen": 1313,
      "golf": 720,
      "course": 384,
      "deadpool": 427,
      "security": 1441,
      "cat": 275,
      "grill": 736,
      "911": 11,
      "gaming": 688,
      "headphones": 781,
      "jesus": 913,
      "guns": 746,
      "driving": 517,
      "car": 262,
      "bottle": 213,
      "whiskey": 1844,
      "pope": 1251,
      "viking": 1785,
      "posing": 1257,
      "foster": 663,
      "gun": 745,
      "bunch": 234,
      "cats": 277,
      "hands": 759,
      "stalin": 1565,
      "stayin": 1582,
      "alive": 56,
      "dark": 423,
      "trench": 1724,
      "coats": 330,
      "sunglasses": 1614,
      "raining": 1320,
      "secret": 1440,
      "agents": 46,
      "naked": 1107,
      "cuddling": 410,
      "bed": 171,
      "swaddled": 1632,
      "each": 526,
      "other": 1168,
      "rain": 1318,
      "dragon": 507,
      "blowing": 204,
      "wind": 1851,
      "outside": 1175,
      "petals": 1202,
      "donals": 495,
      "covered": 388,
      "patriotic": 1193,
      "rocket": 1392,
      "decorated": 433,
      "stars": 1574,
      "stripes": 1602,
      "americathemed": 69,
      "spaceship": 1547,
      "longingly": 1004,
      "turned": 1734,
      "superheroes": 1616,
      "superman": 1619,
      "costumes": 378,
      "mars": 1036,
      "blue": 205,
      "fireworks": 631,
      "bye": 241,
      "viral": 1787,
      "reposted": 1360,
      "account": 18,
      "using": 1766,
      "crypto": 408,
      "currency": 413,
      "various": 1772,
      "republican": 1361,
      "political": 1247,
      "faces": 592,
      "supermans": 1620,
      "kiss": 949,
      "lips": 991,
      "happily": 764,
      "musks": 1102,
      "captain": 260,
      "iron": 892,
      "man": 1025,
      "christopher": 308,
      "columbus": 338,
      "utilizing": 1768,
      "robert": 1391,
      "kennedy": 940,
      "politicians": 1248,
      "gather": 691,
      "flight": 640,
      "start": 1575,
      "additional": 26,
      "animations": 78,
      "portrays": 1255,
      "podium": 1240,
      "doge": 488,
      "department": 443,
      "government": 723,
      "efficiency": 533,
      "saving": 1422,
      "world": 1864,
      "clown": 327,
      "makeup": 1023,
      "traditional": 1719,
      "indian": 859,
      "garments": 689,
      "jewelry": 914,
      "blackface": 198,
      "mbta": 1045,
      "subway": 1606,
      "riders": 1380,
      "falling": 596,
      "coconut": 332,
      "headshot": 782,
      "scarf": 1427,
      "hiding": 791,
      "half": 748,
      "meme": 1058,
      "wheres": 1841,
      "hablo": 747,
      "ingles": 865,
      "trans": 1721,
      "rights": 1384,
      "needle": 1114,
      "pair": 1182,
      "syringe": 1643,
      "chine": 302,
      "mini": 1075,
      "skirt": 1508,
      "crop": 399,
      "tattoo": 1659,
      "chest": 296,
      "fieldgroup": 619,
      "clowns": 328,
      "handcuffing": 755,
      "bag": 142,
      "darker": 424,
      "complexion": 357,
      "illegal": 830,
      "immigrant": 837,
      "sharer": 1465,
      "orange": 1164,
      "sari": 1421,
      "close": 324,
      "specifically": 1553,
      "ronald": 1398,
      "mcdonald": 1047,
      "handing": 756,
      "immigrants": 838,
      "cash": 272,
      "individuals": 861,
      "near": 1113,
      "fence": 614,
      "implication": 843,
      "tax": 1660,
      "dollars": 492,
      "undocumented": 1747,
      "statue": 1581,
      "liberty": 979,
      "ivanka": 902,
      "solemn": 1532,
      "defeated": 438,
      "expression": 586,
      "direction": 468,
      "voters": 1794,
      "showing": 1487,
      "supporters": 1623,
      "supposedly": 1626,
      "christmas": 307,
      "canvasing": 255,
      "maga": 1020,
      "tshirt": 1730,
      "signing": 1497,
      "form": 659,
      "three": 1695,
      "generated": 698,
      "encouraging": 553,
      "doorstep": 499,
      "americans": 67,
      "hats": 774,
      "african": 38,
      "voter": 1793,
      "everyone": 573,
      "plate": 1233,
      "waffles": 1800,
      "snapback": 1527,
      "thumbs": 1699,
      "different": 462,
      "roman": 1395,
      "battle": 163,
      "caption": 261,
      "refers": 1344,
      "dance": 420,
      "trio": 1726,
      "wizard": 1855,
      "wand": 1807,
      "themes": 1679,
      "associated": 113,
      "campaigning": 248,
      "slogan": 1516,
      "reminiscent": 1352,
      "merchandise": 1062,
      "canvassing": 256,
      "collecting": 336,
      "signatures": 1495,
      "suggests": 1609,
      "activities": 23,
      "commonly": 347,
      "related": 1350,
      "outreach": 1174,
      "engagement": 559,
      "gathering": 693,
      "candidates": 252,
      "causes": 279,
      "interaction": 879,
      "between": 186,
      "highlights": 794,
      "grassroots": 728,
      "efforts": 534,
      "typical": 1740,
      "campaigns": 249,
      "ilhan": 829,
      "omar": 1149,
      "western": 1834,
      "shooting": 1479,
      "run": 1409,
      "abraham": 16,
      "gameboy": 687,
      "meant": 1050,
      "period": 1198,
      "descent": 451,
      "stereotypical": 1585,
      "clothing": 325,
      "getup": 703,
      "supporter": 1622,
      "cards": 264,
      "africanamericans": 39,
      "lip": 990,
      "stick": 1586,
      "royalty": 1404,
      "beard": 167,
      "working": 1863,
      "class": 319,
      "obamas": 1136,
      "lipstick": 992,
      "alone": 59,
      "gripping": 737,
      "bars": 154,
      "sheriff": 1471,
      "glances": 711,
      "through": 1696,
      "hallway": 750,
      "prisoner": 1291,
      "guard": 742,
      "seen": 1446,
      "picking": 1213,
      "jumper": 930,
      "row": 1402,
      "options": 1162,
      "gray": 729,
      "jumpsuit": 931,
      "signs": 1498,
      "documents": 484,
      "prisoners": 1292,
      "others": 1169,
      "suits": 1612,
      "cleaning": 320,
      "area": 94,
      "tiles": 1703,
      "assumedly": 115,
      "jumpsuits": 932,
      "mopping": 1083,
      "bathrooms": 159,
      "judging": 928,
      "metal": 1064,
      "fencing": 615,
      "basketball": 157,
      "yard": 1873,
      "lifting": 980,
      "weights": 1830,
      "person": 1199,
      "weightlifting": 1829,
      "curling": 412,
      "inside": 868,
      "second": 1438,
      "thing": 1687,
      "except": 577,
      "now": 1132,
      "sleeves": 1512,
      "vneckline": 1789,
      "table": 1644,
      "digging": 463,
      "dirt": 470,
      "shovel": 1484,
      "sneaking": 1528,
      "tunnel": 1732,
      "though": 1692,
      "escaping": 565,
      "alley": 58,
      "makes": 1022,
      "wading": 1799,
      "water": 1823,
      "pouring": 1270,
      "mcdonalds": 1048,
      "parking": 1185,
      "night": 1125,
      "insinuates": 869,
      "escaped": 564,
      "cloud": 326,
      "smoke": 1525,
      "macron": 1017,
      "crowds": 403,
      "plumes": 1238,
      "backgroun": 139,
      "unruly": 1755,
      "trying": 1729,
      "reach": 1329,
      "protected": 1299,
      "riot": 1386,
      "emmanuel": 548,
      "france": 668,
      "escorted": 566,
      "chased": 290,
      "officers": 1143,
      "gear": 695,
      "tear": 1663,
      "gas": 690,
      "atmosphere": 117,
      "significant": 1496,
      "disturbance": 480,
      "protest": 1300,
      "watching": 1822,
      "side": 1491,
      "rubble": 1405,
      "french": 672,
      "emmanual": 547,
      "forefront": 656,
      "paris": 1184,
      "civilians": 315,
      "joker": 922,
      "bench": 183,
      "sort": 1540,
      "away": 136,
      "include": 852,
      "protestors": 1301,
      "personel": 1201,
      "shielding": 1473,
      "creepy": 396,
      "smile": 1522,
      "imitating": 834,
      "paint": 1180,
      "green": 732,
      "dimly": 464,
      "lit": 996,
      "purple": 1308,
      "ominous": 1150,
      "painted": 1181,
      "emergency": 545,
      "vest": 1775,
      "vests": 1776,
      "fires": 630,
      "trash": 1722,
      "scattered": 1428,
      "ground": 739,
      "fire": 628,
      "arrest": 103,
      "resisting": 1369,
      "nypd": 1134,
      "detained": 455,
      "surround": 1627,
      "lunge": 1013,
      "maneuver": 1026,
      "grasp": 726,
      "stopped": 1592,
      "presumably": 1286,
      "courthouse": 386,
      "shouting": 1483,
      "avoiding": 132,
      "detainment": 456,
      "forcibly": 655,
      "line": 988,
      "interacting": 878,
      "confrontation": 363,
      "substance": 1605,
      "thrown": 1698,
      "possibly": 1260,
      "attempt": 121,
      "immobilize": 840,
      "taken": 1648,
      "custody": 416,
      "forcefully": 654,
      "attempts": 123,
      "fight": 620,
      "andor": 74,
      "roger": 1394,
      "stone": 1590,
      "phone": 1206,
      "call": 242,
      "repeatedly": 1353,
      "impeachment": 841,
      "bad": 141,
      "longer": 1003,
      "respectable": 1370,
      "organization": 1166,
      "appear": 88,
      "morgan": 1085,
      "freeman": 671,
      "kicked": 941,
      "debating": 429,
      "based": 155,
      "twitch": 1736,
      "includes": 854,
      "uses": 1765,
      "innappopriate": 866,
      "language": 962,
      "throughout": 1697,
      "jokes": 923,
      "livestream": 998,
      "inappropriate": 849,
      "used": 1762,
      "halfway": 749,
      "popup": 1253,
      "screen": 1435,
      "seconds": 1439,
      "insult": 871,
      "led": 972,
      "zeppelin": 1879,
      "live": 997,
      "stream": 1597,
      "bernie": 184,
      "sanders": 1420,
      "insulted": 872,
      "featured": 610,
      "podiums": 1241,
      "presidental": 1281,
      "parody": 1186,
      "losing": 1009,
      "above": 15,
      "doing": 490,
      "roasting": 1390,
      "gerbsoda": 701,
      "fake": 594,
      "labeled": 957,
      "talk": 1652,
      "calls": 245,
      "essentially": 567,
      "resing": 1368,
      "let": 974,
      "leaders": 970,
      "take": 1647,
      "care": 265,
      "incompetent": 857,
      "unable": 1742,
      "united": 1753,
      "just": 933,
      "goes": 717,
      "tangent": 1656,
      "condoms": 359,
      "nintendo": 1126,
      "switches": 1640,
      "nicknames": 1124,
      "fun": 681,
      "incoherently": 856,
      "circuit": 312,
      "fried": 673,
      "wall": 1804,
      "japan": 907,
      "rigged": 1382,
      "last": 965,
      "donated": 496,
      "bidens": 189,
      "actually": 24,
      "fred": 670,
      "expressing": 585,
      "disappointed": 471,
      "insulting": 873,
      "family": 599,
      "overall": 1178,
      "personality": 1200,
      "circulating": 313,
      "claim": 316,
      "texas": 1672,
      "chanting": 285,
      "fuck": 678,
      "however": 817,
      "were": 1833,
      "lets": 975,
      "rangers": 1327,
      "series": 1454,
      "slurs": 1518,
      "meek": 1053,
      "mill": 1072,
      "rkelly": 1388,
      "degrading": 439,
      "mark": 1035,
      "zuckerburg": 1880,
      "kill": 944,
      "shoot": 1478,
      "stops": 1593,
      "bullets": 233,
      "ends": 557,
      "killing": 945,
      "prompted": 1297,
      "mashup": 1040,
      "st": 1560,
      "basils": 156,
      "cathedral": 276,
      "convention": 370,
      "balloons": 143,
      "auditorium": 129,
      "posted": 1262,
      "soliders": 1534,
      "hanging": 762,
      "arena": 95,
      "larger": 964,
      "asking": 110,
      "tiktokers": 1702,
      "come": 341,
      "better": 185,
      "funny": 684,
      "creative": 395,
      "uncle": 1743,
      "sam": 1417,
      "endorsing": 556,
      "girls": 707,
      "swifts": 1638,
      "shirts": 1477,
      "swifties": 1637,
      "posting": 1265,
      "swifities": 1635,
      "incite": 850,
      "inciting": 851,
      "rallies": 1324,
      "wants": 1811,
      "americana": 66,
      "mike": 1070,
      "pence": 1195,
      "lindsey": 987,
      "graham": 725,
      "supports": 1624,
      "stop": 1591,
      "bans": 149,
      "dressing": 512,
      "important": 846,
      "public": 1305,
      "runway": 1412,
      "scandals": 1426,
      "careers": 266,
      "imprrtant": 847,
      "wwe": 1871,
      "wrestlers": 1869,
      "variety": 1771,
      "conservative": 366,
      "elaborate": 536,
      "outfits": 1173,
      "fashion": 603,
      "rudy": 1407,
      "guiliani": 744,
      "giuliani": 708,
      "mitch": 1078,
      "mcconnell": 1046,
      "bright": 223,
      "pink": 1223,
      "ted": 1666,
      "cruz": 406,
      "parade": 1183,
      "prayer": 1274,
      "nazi": 1112,
      "symbol": 1641,
      "additionally": 27,
      "air": 49,
      "greet": 733,
      "stage": 1563,
      "greeting": 734,
      "massive": 1042,
      "waving": 1824,
      "swastika": 1633,
      "emblem": 543,
      "communism": 348,
      "empty": 551,
      "unioncommunist": 1752,
      "buff": 227,
      "decorations": 434,
      "preparing": 1278,
      "giraffes": 705,
      "oval": 1176,
      "glasses": 713,
      "user": 1763,
      "catturd": 278,
      "philip": 1205,
      "buchanan": 226,
      "rowing": 1403,
      "kittens": 951,
      "flood": 642,
      "forest": 658,
      "shoulders": 1482,
      "firefighter": 629,
      "duck": 520,
      "reducing": 1342,
      "hurricane": 825,
      "milton": 1074,
      "floods": 643,
      "those": 1691,
      "past": 1191,
      "mouth": 1091,
      "cries": 397,
      "nose": 1129,
      "perhaps": 1197,
      "rundown": 1410,
      "corrido": 376,
      "play": 1234,
      "harmonica": 766,
      "blank": 199,
      "fix": 636,
      "couch": 379,
      "poorly": 1250,
      "blood": 202,
      "dripping": 516,
      "walls": 1805,
      "bush": 237,
      "pile": 1220,
      "cocaine": 331,
      "desk": 453,
      "reagan": 1334,
      "bill": 191,
      "presidents": 1283,
      "atop": 118,
      "head": 779,
      "imitation": 835,
      "iwo": 903,
      "jima": 917,
      "memorial": 1059,
      "finger": 627,
      "pointed": 1243,
      "big": 190,
      "lighting": 981,
      "strike": 1601,
      "sky": 1509,
      "my": 1105,
      "fellow": 613,
      "storm": 1594,
      "upon": 1759,
      "shaped": 1463,
      "flowing": 645,
      "fist": 634,
      "emerging": 546,
      "confetti": 361,
      "halo": 751,
      "warrior": 1815,
      "warriors": 1816,
      "dog": 487,
      "christ": 305,
      "muscular": 1099,
      "mullet": 1097,
      "native": 1111,
      "fighting": 622,
      "americas": 68,
      "independence": 858,
      "military": 1071,
      "fatigues": 607,
      "claiming": 317,
      "directed": 467,
      "energy": 558,
      "weapons": 1826,
      "roof": 1399,
      "buildings": 231,
      "survive": 1630,
      "jedi": 909,
      "master": 1043,
      "pikachu": 1218,
      "officials": 1144,
      "combat": 339,
      "potus": 1269,
      "seal": 1437,
      "fists": 635,
      "unidentifiable": 1748,
      "illuminated": 831,
      "lights": 983,
      "guards": 743,
      "potentially": 1267,
      "marines": 1034,
      "int": 876,
      "stairs": 1564,
      "situation": 1505,
      "bulletin": 232,
      "put": 1309,
      "chemicals": 294,
      "prune": 1304,
      "juice": 929,
      "could": 381,
      "liquor": 994,
      "cardboard": 263,
      "wanna": 1808,
      "vodka": 1790,
      "alcohol": 52,
      "alcoholic": 53,
      "beverages": 187,
      "drunkmala": 519,
      "hunched": 822,
      "martini": 1039,
      "restroom": 1376,
      "beer": 173,
      "laying": 968,
      "road": 1389,
      "casually": 274,
      "vibrant": 1778,
      "dress": 509,
      "similar": 1499,
      "liquid": 993,
      "buslike": 238,
      "popular": 1252,
      "chinese": 303,
      "love": 1011,
      "eachother": 527,
      "xi": 1872,
      "jinping": 918,
      "cordially": 375,
      "circle": 311,
      "reaching": 1330,
      "share": 1464,
      "extending": 587,
      "handshake": 760,
      "bathtub": 160,
      "kremlin": 955,
      "foot": 650,
      "osama": 1167,
      "bin": 193,
      "laden": 958,
      "discussion": 475,
      "creation": 394,
      "chips": 304,
      "company": 353,
      "devil": 459,
      "staff": 1562,
      "swaying": 1634,
      "vietnam": 1783,
      "convey": 372,
      "ussr": 1767,
      "propaganda": 1298,
      "microphones": 1066,
      "baton": 161,
      "glad": 710,
      "pin": 1222,
      "stasi": 1577,
      "proud": 1302,
      "general": 697,
      "march": 1030,
      "fumblingstuttering": 680,
      "john": 921,
      "fetterman": 616,
      "dislikes": 476,
      "pat": 1192,
      "toomey": 1714,
      "abductions": 13,
      "stepping": 1584,
      "landing": 961,
      "not": 1130,
      "stand": 1568,
      "hes": 790,
      "hungry": 823,
      "wanted": 1810,
      "pizza": 1226,
      "briefing": 222,
      "needs": 1115,
      "resign": 1366,
      "worthless": 1865,
      "holds": 805,
      "threatening": 1694,
      "plan": 1229,
      "send": 1452,
      "hunter": 824,
      "defeat": 437,
      "foul": 664,
      "rebuttal": 1338,
      "said": 1416,
      "negative": 1116,
      "things": 1688,
      "several": 1459,
      "part": 1187,
      "eliot": 539,
      "higgins": 792,
      "awaiting": 133,
      "potential": 1266,
      "blackandwhite": 197,
      "collection": 337,
      "fast": 604,
      "restaurant": 1373,
      "age": 43,
      "still": 1587,
      "keep": 939,
      "order": 1165,
      "hold": 803,
      "fascism": 602,
      "bay": 164,
      "doctored": 483,
      "australian": 130,
      "mp": 1094,
      "georgie": 700,
      "purcell": 1307,
      "enlarged": 560,
      "breasts": 220,
      "exposed": 584,
      "midriff": 1068,
      "welcoming": 1831,
      "merch": 1061,
      "tactical": 1645,
      "third": 1689,
      "double": 502,
      "final": 626,
      "workers": 1862,
      "tampering": 1655,
      "machines": 1016,
      "depict": 444,
      "fraud": 669,
      "smashing": 1521,
      "ballot": 144,
      "box": 216,
      "lying": 1015,
      "hospital": 810,
      "50s": 7,
      "when": 1839,
      "kind": 947,
      "does": 485,
      "article": 107,
      "discussed": 472,
      "kari": 938,
      "lake": 960,
      "signaling": 1494,
      "issues": 899,
      "upcoming": 1757,
      "sexually": 1460,
      "explicit": 582,
      "manner": 1028,
      "comparing": 354,
      "relationship": 1351,
      "stormy": 1595,
      "daniels": 422,
      "vet": 1777,
      "suspenders": 1631,
      "similarly": 1500,
      "field": 618,
      "wheat": 1837,
      "goat": 716,
      "stands": 1570,
      "greatest": 731,
      "knights": 954,
      "castle": 273,
      "knight": 953,
      "motorcycle": 1088,
      "regal": 1345,
      "eagle": 528,
      "wings": 1853,
      "fastened": 605,
      "introducing": 886,
      "thread": 1693,
      "realisticlooking": 1337,
      "believing": 180,
      "everything": 574,
      "see": 1442,
      "internet": 880,
      "telling": 1669,
      "careful": 267,
      "watch": 1821,
      "realistic": 1336,
      "warning": 1813,
      "wary": 1818,
      "sharing": 1468,
      "even": 569,
      "viewers": 1784,
      "believe": 179,
      "economic": 531,
      "times": 1706,
      "aware": 134,
      "specific": 1552,
      "raise": 1321,
      "these": 1685,
      "hyperrealistic": 826,
      "simulated": 1501,
      "promoting": 1296,
      "arizona": 97,
      "agenda": 44,
      "source": 1544,
      "emphasizing": 549,
      "advanced": 31,
      "capabilities": 257,
      "technology": 1665,
      "creating": 393,
      "convincing": 373,
      "influence": 864,
      "criticizes": 398,
      "iowa": 891,
      "governor": 724,
      "kim": 946,
      "reynolds": 1379,
      "arguing": 96,
      "focus": 647,
      "democrats": 441,
      "instead": 870,
      "ice": 827,
      "cream": 391,
      "lightsabers": 984,
      "intimately": 883,
      "eyes": 590,
      "montage": 1082,
      "harriss": 768,
      "romantic": 1396,
      "animating": 77,
      "doland": 491,
      "kid": 942,
      "such": 1607,
      "carrying": 269,
      "etc": 568,
      "rubs": 1406,
      "shes": 1472,
      "future": 685,
      "compilation": 356,
      "tucker": 1731,
      "carlsons": 268,
      "segment": 1447,
      "problematic": 1294,
      "update": 1758,
      "game": 686,
      "blasts": 201,
      "firing": 632,
      "scenes": 1430,
      "centering": 282,
      "good": 721,
      "sleeping": 1511,
      "soundly": 1542,
      "antisemitic": 85,
      "israel": 896,
      "october": 1138,
      "desert": 452,
      "bandana": 146,
      "cowboy": 389,
      "smoking": 1526,
      "cigarette": 310,
      "43rd": 6,
      "bearded": 168,
      "resembling": 1365,
      "joyfully": 926,
      "handinhand": 757,
      "explosion": 583,
      "takes": 1649,
      "places": 1228,
      "slide": 1513,
      "administration": 30,
      "opinions": 1159,
      "regards": 1347,
      "affects": 35,
      "bipoc": 194,
      "lgbt": 977,
      "involving": 890,
      "themselves": 1680,
      "dont": 498,
      "funds": 683,
      "posoblec": 1259,
      "responds": 1371,
      "farts": 601,
      "split": 1558,
      "reacting": 1331,
      "jill": 916,
      "advocates": 34,
      "ceasefire": 280,
      "gaza": 694,
      "content": 369,
      "directly": 469,
      "conversation": 371,
      "story": 1596,
      "lady": 959,
      "funding": 682,
      "rightwing": 1385,
      "extremist": 589,
      "short": 1480,
      "altered": 63,
      "greg": 735,
      "abbott": 12,
      "immigration": 839,
      "advice": 33,
      "samples": 1419,
      "sun": 1613,
      "slidingstumbling": 1514,
      "reporter": 1359,
      "regarding": 1346,
      "would": 1866,
      "happen": 763,
      "declareactivate": 432,
      "reference": 1343,
      "democratic": 440,
      "held": 785,
      "kamalunism": 935,
      "typed": 1739,
      "capital": 258,
      "marching": 1031,
      "communistthemed": 351,
      "hammerandsickle": 753,
      "banners": 148,
      "term": 1671,
      "superimposed": 1618,
      "contains": 368,
      "under": 1744,
      "associates": 114,
      "reinforcing": 1349,
      "narrative": 1109,
      "depicting": 446,
      "featuring": 612,
      "hammer": 752,
      "sickle": 1490,
      "implying": 844,
      "statement": 1578,
      "neon": 1118,
      "dorito": 500,
      "nacho": 1106,
      "doritos": 501,
      "newfound": 1120,
      "opportuntiy": 1160,
      "rise": 1387,
      "power": 1272,
      "endorses": 555,
      "desansis": 448,
      "indictement": 860,
      "means": 1049,
      "assigned": 112,
      "option": 1161,
      "question": 1314,
      "why": 1848,
      "did": 461,
      "hire": 800,
      "foreign": 657,
      "agent": 45,
      "ties": 1700,
      "drop": 518,
      "race": 1317,
      "immediately": 836,
      "2009": 3,
      "boy": 217,
      "band": 145,
      "fall": 595,
      "supposed": 1625,
      "animated": 76,
      "comic": 342,
      "stance": 1567,
      "sinking": 1503,
      "preforming": 1276,
      "csection": 409,
      "encasing": 552,
      "eagles": 529,
      "goose": 722,
      "angry": 75,
      "camera": 246,
      "harvestr": 771,
      "favorite": 609,
      "streamer": 1598,
      "hit": 802,
      "hotdogs": 813,
      "employee": 550,
      "serving": 1457,
      "fruit": 677,
      "cooking": 374,
      "barbecuing": 152,
      "force": 653,
      "glitches": 714,
      "starts": 1576,
      "coming": 343,
      "plane": 1230,
      "nowhere": 1133,
      "mountain": 1090,
      "billions": 192,
      "attending": 125,
      "exiting": 579,
      "attend": 124,
      "waiting": 1801,
      "arrival": 106,
      "participating": 1188,
      "jeopardy": 911,
      "denouncing": 442,
      "banderism": 147,
      "movement": 1092,
      "hosting": 811,
      "mount": 1089,
      "everest": 572,
      "size": 1506,
      "millions": 1073,
      "sunset": 1615,
      "cuts": 418,
      "stomach": 1589,
      "father": 606,
      "crown": 404,
      "say": 1423,
      "wrap": 1867,
      "spear": 1551,
      "evil": 575,
      "pikachus": 1219,
      "screaming": 1434,
      "coughing": 380,
      "drink": 513,
      "comrade": 358
    }
  }
}