{
  "topic_representations": {
    "-1": [
      [
        "of",
        0.023400958476534894
      ],
      [
        "is",
        0.022475620459972572
      ],
      [
        "the",
        0.02107860829142597
      ],
      [
        "donald",
        0.020047435229892843
      ],
      [
        "an",
        0.01943288604521473
      ],
      [
        "and",
        0.01932124174419096
      ],
      [
        "trump",
        0.019114361492033147
      ],
      [
        "image",
        0.017715163249528897
      ],
      [
        "harris",
        0.017396850094401353
      ],
      [
        "in",
        0.01736278784833057
      ]
    ],
    "0": [
      [
        "elon",
        0.154425056804215
      ],
      [
        "musk",
        0.15016167420735618
      ],
      [
        "dancing",
        0.07623589954637958
      ],
      [
        "are",
        0.0653149113591067
      ],
      [
        "and",
        0.05586307449560454
      ],
      [
        "donald",
        0.05001280992396141
      ],
      [
        "trump",
        0.04583641151965475
      ],
      [
        "on",
        0.030304303019930347
      ],
      [
        "golf",
        0.028751627972506265
      ],
      [
        "together",
        0.02545706838084882
      ]
    ],
    "1": [
      [
        "kamala",
        0.08166242450211963
      ],
      [
        "harris",
        0.07796320488797392
      ],
      [
        "clown",
        0.06804092858315139
      ],
      [
        "vp",
        0.031258790286180574
      ],
      [
        "is",
        0.030576772814520915
      ],
      [
        "picture",
        0.029188726998925052
      ],
      [
        "of",
        0.028298347823029705
      ],
      [
        "money",
        0.02728483104254529
      ],
      [
        "wearing",
        0.027056944922295264
      ],
      [
        "depicted",
        0.026878692047945556
      ]
    ],
    "2": [
      [
        "african",
        0.06358735883031737
      ],
      [
        "black",
        0.06341077353767924
      ],
      [
        "republican",
        0.04752186745205586
      ],
      [
        "hat",
        0.033812814360740295
      ],
      [
        "depicted",
        0.033140848328489445
      ],
      [
        "political",
        0.03301397110624989
      ],
      [
        "with",
        0.030619546511646906
      ],
      [
        "men",
        0.029701167157534913
      ],
      [
        "voters",
        0.02845265090520117
      ],
      [
        "barack",
        0.028291181959044245
      ]
    ],
    "3": [
      [
        "prison",
        0.1637879884762736
      ],
      [
        "wearing",
        0.08078152620685276
      ],
      [
        "jumpsuit",
        0.07998671472660371
      ],
      [
        "uniform",
        0.07363385606775413
      ],
      [
        "orange",
        0.06117267367363984
      ],
      [
        "through",
        0.05600689294521663
      ],
      [
        "while",
        0.055290427192100304
      ],
      [
        "shown",
        0.049006031327064555
      ],
      [
        "alley",
        0.03936973518537428
      ],
      [
        "dark",
        0.03765245306645723
      ]
    ],
    "4": [
      [
        "macron",
        0.14042228980843585
      ],
      [
        "joker",
        0.08699275862892206
      ],
      [
        "crowds",
        0.0670578969362048
      ],
      [
        "street",
        0.055146246211572506
      ],
      [
        "president",
        0.0512627094890942
      ],
      [
        "dressed",
        0.04425431472562068
      ],
      [
        "smoke",
        0.04389982392137034
      ],
      [
        "him",
        0.03744051212992132
      ],
      [
        "burning",
        0.03699638132256391
      ],
      [
        "the",
        0.035924819126575684
      ]
    ],
    "5": [
      [
        "police",
        0.1312193076079208
      ],
      [
        "by",
        0.06813665037346806
      ],
      [
        "officers",
        0.06591374403806786
      ],
      [
        "detained",
        0.06577395661979597
      ],
      [
        "being",
        0.06428715765972831
      ],
      [
        "arrest",
        0.06290493961823984
      ],
      [
        "yelling",
        0.06048720556974516
      ],
      [
        "forcibly",
        0.041578198617836334
      ],
      [
        "officer",
        0.03946437397187759
      ],
      [
        "trump",
        0.03495271230999313
      ]
    ],
    "6": [
      [
        "biden",
        0.07872822180245873
      ],
      [
        "ai",
        0.062346788423994326
      ],
      [
        "debate",
        0.05072921679238593
      ],
      [
        "twitch",
        0.043054010960670325
      ],
      [
        "and",
        0.03661417953883658
      ],
      [
        "parody",
        0.03288313807038007
      ],
      [
        "podiums",
        0.03288313807038007
      ],
      [
        "each",
        0.03017912124256366
      ],
      [
        "language",
        0.02984994853367427
      ],
      [
        "trump",
        0.02902537022244297
      ]
    ],
    "7": [
      [
        "speaking",
        0.15403722587972857
      ],
      [
        "communist",
        0.12947120217117383
      ],
      [
        "crowd",
        0.09733976913457051
      ],
      [
        "soldiers",
        0.07885311260857292
      ],
      [
        "rally",
        0.07790681860855819
      ],
      [
        "kamala",
        0.07622560991538384
      ],
      [
        "harris",
        0.0750598132529517
      ],
      [
        "flags",
        0.06294084285106419
      ],
      [
        "at",
        0.06172470778096803
      ],
      [
        "out",
        0.053162143511226674
      ]
    ],
    "8": [
      [
        "taylor",
        0.17220300344992392
      ],
      [
        "swift",
        0.14481102074738098
      ],
      [
        "for",
        0.08877475695762879
      ],
      [
        "post",
        0.0714498617459712
      ],
      [
        "vote",
        0.0642680881521801
      ],
      [
        "swifties",
        0.055973659628511335
      ],
      [
        "shirts",
        0.055973659628511335
      ],
      [
        "sam",
        0.055973659628511335
      ],
      [
        "uncle",
        0.055973659628511335
      ],
      [
        "endorsing",
        0.049849735543424326
      ]
    ],
    "9": [
      [
        "drag",
        0.1902570325776761
      ],
      [
        "queen",
        0.12045962641123717
      ],
      [
        "mike",
        0.10915677907115078
      ],
      [
        "pence",
        0.10915677907115078
      ],
      [
        "figures",
        0.0835163453654929
      ],
      [
        "various",
        0.06900211685513263
      ],
      [
        "pride",
        0.06549406744269046
      ],
      [
        "as",
        0.06291491723347338
      ],
      [
        "walking",
        0.05988218712150723
      ],
      [
        "dressed",
        0.05796609043183028
      ]
    ],
    "10": [
      [
        "nazi",
        0.12148975511620239
      ],
      [
        "podium",
        0.10810603967131475
      ],
      [
        "behind",
        0.05833622627988773
      ],
      [
        "flags",
        0.05689685463026664
      ],
      [
        "standing",
        0.05007931946791375
      ],
      [
        "empty",
        0.04577978121934536
      ],
      [
        "symbol",
        0.0429549601614733
      ],
      [
        "hanging",
        0.04077114132193976
      ],
      [
        "stadium",
        0.03899273078322682
      ],
      [
        "rally",
        0.03772805371358157
      ]
    ],
    "11": [
      [
        "cats",
        0.14234935782314628
      ],
      [
        "kittens",
        0.1351291455079681
      ],
      [
        "cat",
        0.09199847419167578
      ],
      [
        "rowing",
        0.07829117647025399
      ],
      [
        "saving",
        0.07200778087626197
      ],
      [
        "full",
        0.06412960770430108
      ],
      [
        "asking",
        0.06133231612778385
      ],
      [
        "trump",
        0.05963806537892579
      ],
      [
        "gun",
        0.056939743129258515
      ],
      [
        "you",
        0.056939743129258515
      ]
    ],
    "12": [
      [
        "can",
        0.10210548992140943
      ],
      [
        "seen",
        0.09628575580490047
      ],
      [
        "cocaine",
        0.08376112026684222
      ],
      [
        "smiling",
        0.07179752027323572
      ],
      [
        "his",
        0.0712548257935244
      ],
      [
        "be",
        0.07020471691302912
      ],
      [
        "phone",
        0.06282084020013166
      ],
      [
        "oval",
        0.05777145348294028
      ],
      [
        "what",
        0.053794834840834
      ],
      [
        "mouth",
        0.05112893157241077
      ]
    ],
    "13": [
      [
        "american",
        0.12265724239599939
      ],
      [
        "flag",
        0.09456129345633975
      ],
      [
        "holding",
        0.0629552648700852
      ],
      [
        "behind",
        0.05019242261118545
      ],
      [
        "with",
        0.04530122650569299
      ],
      [
        "fist",
        0.04282594268458338
      ],
      [
        "head",
        0.04282594268458338
      ],
      [
        "lighting",
        0.04282594268458338
      ],
      [
        "an",
        0.04187089738225556
      ],
      [
        "donald",
        0.04167212867752216
      ]
    ],
    "14": [
      [
        "joe",
        0.12279014085841232
      ],
      [
        "military",
        0.11976058648783013
      ],
      [
        "biden",
        0.09385698969618037
      ],
      [
        "board",
        0.07707596043333839
      ],
      [
        "philadelphia",
        0.07707596043333839
      ],
      [
        "operation",
        0.07707596043333839
      ],
      [
        "steal",
        0.07707596043333839
      ],
      [
        "pointing",
        0.06843462085018864
      ],
      [
        "unidentifiable",
        0.047048218723908505
      ],
      [
        "situation",
        0.047048218723908505
      ]
    ],
    "15": [
      [
        "drinking",
        0.1515789091518825
      ],
      [
        "bottle",
        0.07958526361205483
      ],
      [
        "kamala",
        0.07112831452840418
      ],
      [
        "harris",
        0.06805552328520775
      ],
      [
        "vodka",
        0.06148018765762277
      ],
      [
        "glass",
        0.05654598743657382
      ],
      [
        "outside",
        0.04631167641168219
      ],
      [
        "house",
        0.04471341791745454
      ],
      [
        "white",
        0.04092571784171012
      ],
      [
        "next",
        0.03989773800848088
      ]
    ],
    "16": [
      [
        "xi",
        0.15183931501135603
      ],
      [
        "jinping",
        0.15183931501135603
      ],
      [
        "putin",
        0.1185503100720747
      ],
      [
        "vladimir",
        0.11795005086100308
      ],
      [
        "chinese",
        0.10688267950716847
      ],
      [
        "president",
        0.08766279313673227
      ],
      [
        "together",
        0.07570826065346185
      ],
      [
        "laughing",
        0.06774303432689982
      ],
      [
        "russian",
        0.05897502543050154
      ],
      [
        "bathtub",
        0.05219411764683599
      ]
    ],
    "17": [
      [
        "soviet",
        0.12113321704553898
      ],
      [
        "union",
        0.1020250749398033
      ],
      [
        "flag",
        0.06146484074662084
      ],
      [
        "forward",
        0.05405165820318724
      ],
      [
        "uniforms",
        0.05405165820318724
      ],
      [
        "her",
        0.05228189998317097
      ],
      [
        "kamala",
        0.04830798028387451
      ],
      [
        "harris",
        0.04622104289787027
      ],
      [
        "soldiers",
        0.04393244845334777
      ],
      [
        "uniform",
        0.04264627497257426
      ]
    ],
    "18": [
      [
        "about",
        0.08718100000947274
      ],
      [
        "biden",
        0.08250476332340426
      ],
      [
        "addressing",
        0.07225923661535981
      ],
      [
        "aliens",
        0.057655102083399724
      ],
      [
        "speech",
        0.05518125970123064
      ],
      [
        "public",
        0.05472393190767026
      ],
      [
        "his",
        0.04655315285176929
      ],
      [
        "president",
        0.044883350086006926
      ],
      [
        "said",
        0.044538980391966715
      ],
      [
        "foul",
        0.044538980391966715
      ]
    ],
    "19": [
      [
        "deepfake",
        0.07216855415729065
      ],
      [
        "shows",
        0.070118766763651
      ],
      [
        "photo",
        0.053653286929212465
      ],
      [
        "images",
        0.0435880113631527
      ],
      [
        "the",
        0.03794739607472069
      ],
      [
        "kari",
        0.034778546833149966
      ],
      [
        "while",
        0.03090631117842604
      ],
      [
        "image",
        0.030284240596892168
      ],
      [
        "election",
        0.028388390109257193
      ],
      [
        "his",
        0.02808166056742115
      ]
    ],
    "20": [
      [
        "horse",
        0.1715637103432772
      ],
      [
        "goat",
        0.12568630843856635
      ],
      [
        "knights",
        0.0911024598926592
      ],
      [
        "castle",
        0.0911024598926592
      ],
      [
        "riding",
        0.08465306885984246
      ],
      [
        "on",
        0.07260317632607088
      ],
      [
        "shirt",
        0.06417496673183595
      ],
      [
        "outfit",
        0.0623184489087187
      ],
      [
        "donald",
        0.05698798895770238
      ],
      [
        "greatest",
        0.051822214303551696
      ]
    ],
    "21": [
      [
        "deepfake",
        0.11385195115271228
      ],
      [
        "could",
        0.09169611007833332
      ],
      [
        "they",
        0.08711043466705742
      ],
      [
        "online",
        0.07782271397014635
      ],
      [
        "videos",
        0.07782271397014635
      ],
      [
        "deepfakes",
        0.07513698062417619
      ],
      [
        "because",
        0.07160697541470551
      ],
      [
        "obama",
        0.0713813804865007
      ],
      [
        "warning",
        0.07052053080885343
      ],
      [
        "barack",
        0.06544563799116822
      ]
    ],
    "22": [
      [
        "each",
        0.1067174304106789
      ],
      [
        "love",
        0.09186916538502214
      ],
      [
        "kamala",
        0.08243895795050336
      ],
      [
        "together",
        0.0814340954927993
      ],
      [
        "having",
        0.08003807280800918
      ],
      [
        "ice",
        0.07745374749715574
      ],
      [
        "eating",
        0.07745374749715574
      ],
      [
        "tea",
        0.07745374749715574
      ],
      [
        "cream",
        0.07745374749715574
      ],
      [
        "harris",
        0.06991418253459367
      ]
    ],
    "23": [
      [
        "baby",
        0.10369235240527742
      ],
      [
        "video",
        0.09381863327529204
      ],
      [
        "love",
        0.08009106725873726
      ],
      [
        "having",
        0.06977678142236697
      ],
      [
        "relationship",
        0.06765321252321872
      ],
      [
        "together",
        0.06655671266238404
      ],
      [
        "clips",
        0.06221541144316646
      ],
      [
        "their",
        0.06006830044405294
      ],
      [
        "romantic",
        0.055061926308750064
      ],
      [
        "etc",
        0.055061926308750064
      ]
    ],
    "24": [
      [
        "video",
        0.10207875207452971
      ],
      [
        "cigarette",
        0.054463427109741905
      ],
      [
        "desert",
        0.054463427109741905
      ],
      [
        "cowboy",
        0.054463427109741905
      ],
      [
        "bandana",
        0.054463427109741905
      ],
      [
        "smoking",
        0.054463427109741905
      ],
      [
        "shooting",
        0.05009236930522572
      ],
      [
        "bush",
        0.047001441915814984
      ],
      [
        "maga",
        0.04102610464730542
      ],
      [
        "gun",
        0.039610256089918965
      ]
    ],
    "25": [
      [
        "aoc",
        0.062471206553114646
      ],
      [
        "video",
        0.060442446924258944
      ],
      [
        "joe",
        0.05786349558150845
      ],
      [
        "biden",
        0.05686594476851383
      ],
      [
        "discussing",
        0.04549798261034773
      ],
      [
        "gaza",
        0.04434190525748899
      ],
      [
        "opinions",
        0.04434190525748899
      ],
      [
        "ceasefire",
        0.04434190525748899
      ],
      [
        "jill",
        0.04434190525748899
      ],
      [
        "footage",
        0.04078316792991828
      ]
    ],
    "26": [
      [
        "chicago",
        0.11414073778286835
      ],
      [
        "massive",
        0.05969989706734854
      ],
      [
        "image",
        0.05905714789403448
      ],
      [
        "hammerandsickle",
        0.0525684179781076
      ],
      [
        "which",
        0.05072921679238593
      ],
      [
        "communism",
        0.049324707105570104
      ],
      [
        "communist",
        0.04479802052310577
      ],
      [
        "setting",
        0.043054010960670325
      ],
      [
        "this",
        0.042073294436900166
      ],
      [
        "crowd",
        0.039366584821101794
      ]
    ],
    "27": [
      [
        "bag",
        0.3139955164006514
      ],
      [
        "doritos",
        0.25880889442932964
      ],
      [
        "nacho",
        0.19007176511010898
      ],
      [
        "on",
        0.13164312190990876
      ],
      [
        "dorito",
        0.11012385261750013
      ],
      [
        "harriss",
        0.1012856698039729
      ],
      [
        "slogan",
        0.09503588255505449
      ],
      [
        "kamala",
        0.07840348448439481
      ],
      [
        "president",
        0.07398354409781362
      ],
      [
        "face",
        0.0607982221807953
      ]
    ],
    "28": [
      [
        "ron",
        0.18220717801362726
      ],
      [
        "desantis",
        0.17137573449897647
      ],
      [
        "boy",
        0.07158050420137507
      ],
      [
        "indictement",
        0.07158050420137507
      ],
      [
        "means",
        0.07158050420137507
      ],
      [
        "option",
        0.07158050420137507
      ],
      [
        "assigned",
        0.07158050420137507
      ],
      [
        "longer",
        0.06583568537258237
      ],
      [
        "now",
        0.06177332366078541
      ],
      [
        "how",
        0.05927826662627542
      ]
    ],
    "29": [
      [
        "boat",
        0.09050315821156353
      ],
      [
        "an",
        0.056525711466045
      ],
      [
        "image",
        0.043446237471695306
      ],
      [
        "it",
        0.04138388343966645
      ],
      [
        "cat",
        0.0402591613556735
      ],
      [
        "surrounding",
        0.0402591613556735
      ],
      [
        "pointing",
        0.03737583138741072
      ],
      [
        "cats",
        0.03737583138741072
      ],
      [
        "be",
        0.03528237055116336
      ],
      [
        "there",
        0.03427110853108601
      ]
    ],
    "30": [
      [
        "serving",
        0.16428312439659856
      ],
      [
        "mcdonalds",
        0.15109829429773006
      ],
      [
        "favorite",
        0.09344989464574897
      ],
      [
        "employee",
        0.09344989464574897
      ],
      [
        "cooking",
        0.09344989464574897
      ],
      [
        "barbecuing",
        0.09344989464574897
      ],
      [
        "streamer",
        0.09344989464574897
      ],
      [
        "hotdogs",
        0.09344989464574897
      ],
      [
        "fruit",
        0.09344989464574897
      ],
      [
        "harvestr",
        0.09344989464574897
      ]
    ],
    "31": [
      [
        "crowd",
        0.06430690563943958
      ],
      [
        "video",
        0.06363350778671982
      ],
      [
        "billions",
        0.06224391669684789
      ],
      [
        "attending",
        0.06224391669684789
      ],
      [
        "glitches",
        0.06224391669684789
      ],
      [
        "force",
        0.06224391669684789
      ],
      [
        "rally",
        0.0566155141441075
      ],
      [
        "first",
        0.04688697673977762
      ],
      [
        "air",
        0.04688697673977762
      ],
      [
        "harris",
        0.04593395567490212
      ]
    ],
    "32": [
      [
        "pregnant",
        0.21299450165307626
      ],
      [
        "father",
        0.08639026369131475
      ],
      [
        "hands",
        0.07698631716383979
      ],
      [
        "her",
        0.07211296549402892
      ],
      [
        "holding",
        0.07055331407854375
      ],
      [
        "harris",
        0.06375316261775209
      ],
      [
        "kamala",
        0.06150618179379247
      ],
      [
        "next",
        0.05606320082226192
      ],
      [
        "shown",
        0.05033378094430029
      ],
      [
        "crown",
        0.04914175494302316
      ]
    ],
    "33": [
      [
        "front",
        0.10315777467964336
      ],
      [
        "hill",
        0.09071606971164292
      ],
      [
        "communist",
        0.0823907650180197
      ],
      [
        "capitol",
        0.08234828459115034
      ],
      [
        "flag",
        0.07736833100973253
      ],
      [
        "soviet",
        0.06776683471079104
      ],
      [
        "holding",
        0.05723205897280472
      ],
      [
        "large",
        0.05707696500128856
      ],
      [
        "flags",
        0.0514970532417798
      ],
      [
        "burning",
        0.05096704280101461
      ]
    ],
    "34": [
      [
        "communist",
        0.12623442211689445
      ],
      [
        "stalin",
        0.10260737232688173
      ],
      [
        "joseph",
        0.09436004068880247
      ],
      [
        "picture",
        0.0807554780303593
      ],
      [
        "flag",
        0.07683105093327605
      ],
      [
        "she",
        0.0744201065917118
      ],
      [
        "it",
        0.06724881058945799
      ],
      [
        "shaking",
        0.06290669379253497
      ],
      [
        "harris",
        0.053924550047515306
      ],
      [
        "her",
        0.05228189998317097
      ]
    ],
    "35": [
      [
        "bars",
        0.24946919170701803
      ],
      [
        "hillary",
        0.17527805708295827
      ],
      [
        "hilary",
        0.16631279447134534
      ],
      [
        "clinton",
        0.1653098339821585
      ],
      [
        "behind",
        0.11293295087516728
      ],
      [
        "spear",
        0.10962391487289783
      ],
      [
        "pikachus",
        0.10962391487289783
      ],
      [
        "evil",
        0.10962391487289783
      ],
      [
        "drink",
        0.10962391487289783
      ],
      [
        "coughing",
        0.10962391487289783
      ]
    ],
    "36": [
      [
        "communist",
        0.21578533695195634
      ],
      [
        "comrade",
        0.14616521983053044
      ],
      [
        "kamala",
        0.13720609784769092
      ],
      [
        "own",
        0.12847782805375013
      ],
      [
        "joy",
        0.11816661477130169
      ],
      [
        "nothing",
        0.11087519631423022
      ],
      [
        "reads",
        0.10064790338918375
      ],
      [
        "you",
        0.0934395784685268
      ],
      [
        "will",
        0.09050315821156353
      ],
      [
        "have",
        0.08140624499276146
      ]
    ]
  },
  "topics": [
    -1,
    -1,
    31,
    9,
    25,
    24,
    -1,
    -1,
    -1,
    -1,
    28,
    -1,
    -1,
    -1,
    18,
    18,
    -1,
    25,
    -1,
    18,
    -1,
    4,
    -1,
    4,
    4,
    4,
    4,
    4,
    4,
    4,
    4,
    4,
    4,
    4,
    4,
    -1,
    5,
    5,
    4,
    4,
    5,
    19,
    5,
    -1,
    5,
    5,
    5,
    5,
    5,
    5,
    5,
    5,
    5,
    5,
    5,
    5,
    3,
    -1,
    19,
    -1,
    -1,
    12,
    12,
    12,
    12,
    2,
    -1,
    12,
    3,
    3,
    3,
    3,
    3,
    3,
    3,
    3,
    3,
    3,
    3,
    3,
    3,
    3,
    3,
    19,
    3,
    3,
    3,
    3,
    3,
    3,
    3,
    3,
    3,
    19,
    24,
    25,
    5,
    4,
    4,
    4,
    4,
    4,
    4,
    5,
    -1,
    19,
    19,
    6,
    25,
    25,
    25,
    28,
    2,
    2,
    2,
    2,
    2,
    19,
    19,
    19,
    -1,
    28,
    28,
    28,
    6,
    6,
    6,
    6,
    6,
    6,
    6,
    6,
    -1,
    30,
    6,
    6,
    6,
    6,
    18,
    18,
    -1,
    8,
    5,
    -1,
    6,
    2,
    14,
    -1,
    6,
    14,
    2,
    -1,
    21,
    21,
    21,
    21,
    21,
    21,
    21,
    21,
    21,
    -1,
    -1,
    19,
    2,
    2,
    2,
    2,
    6,
    19,
    25,
    -1,
    -1,
    18,
    18,
    18,
    18,
    -1,
    14,
    2,
    7,
    20,
    -1,
    2,
    35,
    14,
    -1,
    2,
    35,
    -1,
    -1,
    11,
    -1,
    -1,
    -1,
    -1,
    21,
    2,
    -1,
    2,
    2,
    14,
    14,
    14,
    28,
    21,
    -1,
    -1,
    -1,
    -1,
    10,
    -1,
    9,
    9,
    18,
    -1,
    -1,
    18,
    -1,
    -1,
    15,
    16,
    18,
    6,
    0,
    32,
    15,
    -1,
    -1,
    -1,
    0,
    0,
    -1,
    13,
    30,
    -1,
    -1,
    13,
    10,
    10,
    10,
    10,
    16,
    16,
    16,
    16,
    14,
    14,
    10,
    16,
    16,
    10,
    10,
    7,
    7,
    -1,
    -1,
    23,
    -1,
    -1,
    22,
    34,
    -1,
    29,
    11,
    16,
    16,
    34,
    17,
    36,
    -1,
    34,
    17,
    1,
    1,
    34,
    -1,
    17,
    17,
    10,
    10,
    2,
    2,
    -1,
    -1,
    34,
    -1,
    -1,
    2,
    -1,
    7,
    0,
    0,
    0,
    0,
    -1,
    0,
    0,
    0,
    0,
    -1,
    0,
    0,
    13,
    13,
    13,
    6,
    -1,
    1,
    0,
    0,
    0,
    -1,
    1,
    0,
    0,
    0,
    -1,
    0,
    12,
    0,
    0,
    -1,
    0,
    0,
    -1,
    8,
    8,
    8,
    31,
    0,
    -1,
    8,
    -1,
    -1,
    31,
    8,
    32,
    32,
    -1,
    32,
    1,
    26,
    1,
    1,
    1,
    1,
    8,
    8,
    -1,
    -1,
    22,
    22,
    1,
    1,
    -1,
    -1,
    1,
    1,
    -1,
    1,
    23,
    23,
    -1,
    31,
    23,
    15,
    8,
    -1,
    -1,
    10,
    -1,
    31,
    33,
    23,
    22,
    27,
    7,
    7,
    7,
    7,
    7,
    15,
    27,
    27,
    23,
    7,
    -1,
    8,
    8,
    27,
    27,
    9,
    9,
    14,
    2,
    17,
    13,
    -1,
    24,
    29,
    13,
    -1,
    7,
    7,
    13,
    12,
    -1,
    26,
    1,
    1,
    29,
    -1,
    7,
    33,
    33,
    17,
    -1,
    -1,
    -1,
    -1,
    7,
    22,
    23,
    0,
    -1,
    13,
    22,
    0,
    -1,
    13,
    -1,
    -1,
    0,
    20,
    7,
    17,
    -1,
    33,
    13,
    -1,
    -1,
    13,
    -1,
    1,
    -1,
    -1,
    1,
    1,
    1,
    15,
    -1,
    15,
    7,
    -1,
    7,
    7,
    9,
    16,
    24,
    -1,
    2,
    -1,
    -1,
    34,
    17,
    33,
    33,
    8,
    33,
    -1,
    34,
    26,
    -1,
    17,
    17,
    2,
    12,
    1,
    24,
    -1,
    32,
    32,
    29,
    -1,
    -1,
    22,
    1,
    12,
    12,
    12,
    15,
    -1,
    -1,
    -1,
    -1,
    -1,
    -1,
    -1,
    -1,
    9,
    9,
    9,
    9,
    9,
    9,
    9,
    9,
    9,
    9,
    -1,
    -1,
    -1,
    14,
    14,
    -1,
    17,
    16,
    2,
    19,
    -1,
    -1,
    16,
    0,
    1,
    1,
    -1,
    0,
    -1,
    -1,
    -1,
    28,
    -1,
    1,
    35,
    29,
    2,
    17,
    22,
    15,
    35,
    1,
    20,
    6,
    14,
    1,
    11,
    11,
    20,
    -1,
    17,
    22,
    -1,
    1,
    35,
    2,
    -1,
    11,
    11,
    0,
    -1,
    36,
    0,
    -1,
    36,
    0,
    -1,
    0,
    0,
    0,
    36,
    5,
    12,
    16,
    28,
    -1,
    1,
    -1,
    15,
    26,
    -1,
    26,
    26,
    26,
    25,
    1,
    1,
    10,
    -1,
    12,
    0,
    0,
    12,
    -1,
    -1,
    25,
    -1,
    2,
    1,
    0,
    27,
    7,
    20,
    -1,
    13,
    0,
    11,
    11,
    0,
    23,
    11,
    14,
    1,
    27,
    1,
    15,
    0,
    10,
    8,
    8,
    2,
    -1,
    -1,
    1,
    23,
    26,
    26,
    24,
    -1,
    -1,
    0,
    -1,
    2,
    30,
    30,
    2,
    20,
    22,
    36,
    27,
    36,
    0,
    -1,
    -1,
    -1,
    0,
    32,
    -1,
    30,
    -1,
    15,
    -1,
    10,
    23,
    31,
    24,
    24,
    15,
    31,
    1,
    0,
    10,
    -1,
    20,
    35,
    2,
    0,
    22,
    1,
    0,
    -1,
    -1,
    -1,
    -1,
    -1,
    20,
    20,
    -1,
    11,
    -1,
    -1,
    8,
    15,
    0,
    0,
    13,
    -1,
    30,
    -1,
    30,
    20,
    -1,
    -1,
    2,
    29,
    11,
    11,
    -1,
    8,
    24,
    10,
    11,
    -1,
    30,
    2,
    29,
    -1,
    11,
    2,
    0,
    20,
    -1,
    2,
    29
  ],
  "topic_sizes": {
    "-1": 177,
    "31": 7,
    "9": 16,
    "25": 9,
    "24": 9,
    "28": 8,
    "18": 12,
    "4": 21,
    "5": 20,
    "19": 12,
    "3": 25,
    "12": 14,
    "2": 36,
    "6": 19,
    "30": 8,
    "8": 16,
    "14": 14,
    "21": 11,
    "7": 19,
    "20": 11,
    "35": 6,
    "11": 14,
    "10": 16,
    "15": 13,
    "16": 13,
    "0": 51,
    "32": 7,
    "13": 14,
    "23": 10,
    "22": 11,
    "34": 7,
    "29": 8,
    "17": 13,
    "36": 6,
    "1": 37,
    "26": 9,
    "33": 7,
    "27": 8
  },
  "topic_mapper": [
    [
      -1,
      -1,
      -1
    ],
    [
      0,
      0,
      4
    ],
    [
      1,
      1,
      9
    ],
    [
      2,
      2,
      8
    ],
    [
      3,
      3,
      27
    ],
    [
      4,
      4,
      5
    ],
    [
      5,
      5,
      19
    ],
    [
      6,
      6,
      21
    ],
    [
      7,
      7,
      35
    ],
    [
      8,
      8,
      16
    ],
    [
      9,
      9,
      36
    ],
    [
      10,
      10,
      28
    ],
    [
      11,
      11,
      3
    ],
    [
      12,
      12,
      12
    ],
    [
      13,
      13,
      0
    ],
    [
      14,
      14,
      25
    ],
    [
      15,
      15,
      14
    ],
    [
      16,
      16,
      2
    ],
    [
      17,
      17,
      1
    ],
    [
      18,
      18,
      6
    ],
    [
      19,
      19,
      18
    ],
    [
      20,
      20,
      24
    ],
    [
      21,
      21,
      23
    ],
    [
      22,
      22,
      22
    ],
    [
      23,
      23,
      32
    ],
    [
      24,
      24,
      10
    ],
    [
      25,
      25,
      15
    ],
    [
      26,
      26,
      29
    ],
    [
      27,
      27,
      31
    ],
    [
      28,
      28,
      11
    ],
    [
      29,
      29,
      30
    ],
    [
      30,
      30,
      13
    ],
    [
      31,
      31,
      20
    ],
    [
      32,
      32,
      26
    ],
    [
      33,
      33,
      34
    ],
    [
      34,
      34,
      7
    ],
    [
      35,
      35,
      33
    ],
    [
      36,
      36,
      17
    ]
  ],
  "topic_labels": {
    "-1": "-1_of_is_the_donald",
    "0": "0_elon_musk_dancing_are",
    "1": "1_kamala_harris_clown_vp",
    "2": "2_african_black_republican_hat",
    "3": "3_prison_wearing_jumpsuit_uniform",
    "4": "4_macron_joker_crowds_street",
    "5": "5_police_by_officers_detained",
    "6": "6_biden_ai_debate_twitch",
    "7": "7_speaking_communist_crowd_soldiers",
    "8": "8_taylor_swift_for_post",
    "9": "9_drag_queen_mike_pence",
    "10": "10_nazi_podium_behind_flags",
    "11": "11_cats_kittens_cat_rowing",
    "12": "12_can_seen_cocaine_smiling",
    "13": "13_american_flag_holding_behind",
    "14": "14_joe_military_biden_board",
    "15": "15_drinking_bottle_kamala_harris",
    "16": "16_xi_jinping_putin_vladimir",
    "17": "17_soviet_union_flag_forward",
    "18": "18_about_biden_addressing_aliens",
    "19": "19_deepfake_shows_photo_images",
    "20": "20_horse_goat_knights_castle",
    "21": "21_deepfake_could_they_online",
    "22": "22_each_love_kamala_together",
    "23": "23_baby_video_love_having",
    "24": "24_video_cigarette_desert_cowboy",
    "25": "25_aoc_video_joe_biden",
    "26": "26_chicago_massive_image_hammerandsickle",
    "27": "27_bag_doritos_nacho_on",
    "28": "28_ron_desantis_boy_indictement",
    "29": "29_boat_an_image_it",
    "30": "30_serving_mcdonalds_favorite_employee",
    "31": "31_crowd_video_billions_attending",
    "32": "32_pregnant_father_hands_her",
    "33": "33_front_hill_communist_capitol",
    "34": "34_communist_stalin_joseph_picture",
    "35": "35_bars_hillary_hilary_clinton",
    "36": "36_communist_comrade_kamala_own"
  },
  "custom_labels": null,
  "_outliers": 1,
  "topic_aspects": {}
}